<?xml version="1.0" encoding="UTF-8" ?>

<!DOCTYPE mapper
  PUBLIC "-//mybatis.org//DTD Mapper 3.0//EN"
  "http://mybatis.org/dtd/mybatis-3-mapper.dtd">
  
<!-- BoardDaoImpl 클래스에서 이 곳의 sql문을 찾을 수 있는 경로이다. (경로명과 id를 사용) -->
<mapper namespace="com.board.mappers.board">

	<!-- 게시물 목록을 만들었을 땐 resutType였습니다. 
		resultType는 데이터를 쿼리를 실행한 뒤 결과가 있을 경우에 사용하며, 
		반대로 데이터를 넣을 때는 parameterType를 사용합니다.  -->

	<!-- 게시글 목록 -->
	<select id="list" resultType="com.board.domain.BoardVO">
		select bno, title, content, writer, regDate, viewCnt
		from tbl_board 
	<!-- select의 결과로 나오는 데이터들을 resultType을 통해서 BoardVO로 전송 -->
	</select>
	
	<!-- 게시물 작성 -->
	<insert id="write" parameterType="com.board.domain.BoardVO">
		insert into tbl_board (title, writer, content)
		values (#{title}, #{writer}, #{content}) <!-- 해당 이름들은 문자열로 전송되는 것이 좋으니 #{} 사용 -->
	<!-- insert를 통해서 넣을 데이터들을 parameterType을 통해서 BoardVO로 전송 -->
	<!-- regDate(작성일자)는 입력하지 않아도 테이블 생성시 default now() 설정을 해주었기에 현재시간이 찍힌다. -->
	</insert>
	
	<!-- 게시글 조회 -->
	<select id="view" parameterType="int" resultType="com.board.domain.BoardVO">
		select bno, title, content, writer, regDate, viewCnt
		from tbl_board
		where bno = #{bno}
	<!-- bno을 parameter로 받기에 int이고,
		result는 게시물의 데이터형을 보내줄 setter를 쓰기에 BoardVO로 보낸다. -->
	</select>
	
	<!-- 게시글 수정 -->
	<update id="modify" parameterType="com.board.domain.BoardVO">
		update tbl_board
		set title = #{title}, content = #{content}, writer = #{writer} 
		where bno = #{bno}
	</update>
	
	<!-- 게시글 삭제 -->
	<delete id="delete" parameterType="int">
	<!-- 게시물 번호만 있으면 삭제할 수 있기 때문에, 
		매개변수 타입(parameterType)은 정수(int)로 했습니다.  -->
		delete 
		from tbl_board
		where bno = #{bno};
	</delete>
	
	<!-- 페이징 구현 시작 -->
		<!-- 게시물 총 갯수 -->
		<select id="count" resultType="int">
			select count(bno)
			from tbl_board
		</select>
		
		<!-- 게시물 목록 + 페이징 -->
		<select  id="listPage" parameterType="hashMap" resultType="com.board.domain.BoardVO">
			select bno, title, writer, regDate, viewCnt
			from tbl_board
			order by bno desc limit #{displayPost}, #{postNum}
		</select>
	<!-- 페이징 구현 마침 -->
	
</mapper>